Program or Project Name,Batch�Description,Transaction Comment,Payment Type,Payment Method,Beneficiary Company,Beneficiary Employer,Beneficiary Legal Firstname,Beneficiary Legal Lastname,Beneficiary Email,Beneficiary Company Account Number,Beneficiary Wallet ID,Beneficiary Bank ID,Currency,Payment Amount,Funding Wallet Name,Gift Card Name or SKU,Address Line 1,Address Line 2,Apt / Suite #,Town/City,State/Region,Zip/Postal Code,Country
,,,Company,,TestAPICompany,,,,,SPN17126894,99590,,USD,10,,,,,,,,,
,,,Company,,,,,,,,,,,,,,,,,,,,
,,,Company,,TestAPICompany,,,,,,,,,,,,,,,,,,
,,,Company,,TestAPICompany,,,,,SPN17126894,,,,,,,,,,,,,
,,,Company,,TestAPICompany,,,,,SPN17126894,99590,,,,,,,,,,,,
,,,Company,,TestAPICompany,,,,,SPN17126894,99590,,USD,,,,,,,,,,
,,,Company,,TestAPICompany,,,,,SPN17126894,,,USD,,,,,,,,,,
,,,Company,,TestAPICompany,,,,testapicompany1@mailinator.com,,,,,,,,,,,,,,
Test Program,Test Batch,Test Transaction,Company,,TestAPICompany,Test,Test,Test,Test,SPN17126894,99590,Test,USD,10,Test,Test,Test,Test,Test,Test,Test,Test,Test
,,,Company,Choice (Wallet),TestAPICompany,,,,,SPN17126894,99590,,USD,10,,,,,,,,,
,,,Company,Choice (Wallet),,,,,,,,,,,,,,,,,,,
,,,Company,Choice (Wallet),TestAPICompany,,,,,,,,,,,,,,,,,,
,,,Company,Choice (Wallet),TestAPICompany,,,,,SPN17126894,,,,,,,,,,,,,
,,,Company,Choice (Wallet),TestAPICompany,,,,,SPN17126894,99590,,,,,,,,,,,,
,,,Company,Choice (Wallet),TestAPICompany,,,,,SPN17126894,99590,,USD,,,,,,,,,,
,,,Company,Choice (Wallet),TestAPICompany,,,,,SPN17126894,,,USD,,,,,,,,,,
,,,Company,Choice (Wallet),TestAPICompany,,,,testapicompany1@mailinator.com,,,,,,,,,,,,,,
Test Program,Test Batch,Test Transaction,Company,Choice (Wallet),TestAPICompany,Test,Test,Test,Test,SPN17126894,99590,Test,USD,10,Test,Test,Test,Test,Test,Test,Test,Test,Test
Test Program,Test Batch,Test Transaction,Personal,Direct to Bank,,,Test,Test,Haritestuser11@mailinator.com,,99590,Test,USD,11,,,,,,,,,
,,,Personal,Direct to Bank,,,,Test,Haritestuser11@mailinator.com,,99590,Test,USD,11,,,,,,,,,
,,,Personal,Direct to Bank,,,Test,Test,Haritestuser11@mailinator.com,,99590,Test,USD,11,,,,,,,,,
,,,Personal,Direct to Bank,,,Test,Test,,,99590,Test,USD,11,,,,,,,,,
,,,Personal,Direct to Bank,,,Test,Test,123,,99590,Test,USD,11,,,,,,,,,
,,,Personal,Direct to Bank,,,Test,Test,Haritestuser11@mailinator.com,,99590,Test,USD,11,,,,,,,,,
,,,Personal,Direct to Bank,,,Test,Test,Haritestuser11@mailinator.com,,,Test,USD,11,,,,,,,,,
,,,Personal,Direct to Bank,,,Test,Test,Haritestuser11@mailinator.com,,99590,,USD,11,,,,,,,,,
,,,Personal,Direct to Bank,,,Test,Test,Haritestuser11@mailinator.com,,99590,Test,USD,11,,,,,,,,,
,,,Personal,Direct to Bank,,,Test,Test,Haritestuser11@mailinator.com,,99590,Test,,11,,,,,,,,,
,,,Personal,Direct to Bank,,,Test,Test,Haritestuser11@mailinator.com,,99590,Test,USD,,,,,,,,,,
,,,Personal,Direct to Check,,,Test,Test,Haritestuser11@mailinator.com,,99590,,USD,11,,,Test,Test,Test,Test,Test,Test,Test
,,,Personal,Direct to Check,,,,Test,Haritestuser11@mailinator.com,,99590,Test,USD,11,,,Test,Test,Test,Test,Test,Test,Test
,,,Personal,Direct to Check,,,Test,Test,Haritestuser11@mailinator.com,,99590,Test,USD,11,,,Test,Test,Test,Test,Test,Test,Test
,,,Personal,Direct to Check,,,Test,Test,,,99590,Test,USD,11,,,Test,Test,Test,Test,Test,Test,Test
,,,Personal,Direct to Check,,,Test,Test,123,,99590,Test,USD,11,,,Test,Test,Test,Test,Test,Test,Test
,,,Personal,Direct to Check,,,Test,Test,Haritestuser11@mailinator.com,,99590,Test,USD,11,,,Test,Test,Test,Test,Test,Test,Test
,,,Personal,Direct to Check,,,Test,Test,Haritestuser11@mailinator.com,,,Test,USD,11,,,Test,Test,Test,Test,Test,Test,Test
,,,Personal,Direct to Check,,,Test,Test,Haritestuser11@mailinator.com,,99590,,USD,11,,,Test,Test,Test,Test,Test,Test,Test
,,,Personal,Direct to Check,,,Test,Test,Haritestuser11@mailinator.com,,99590,Test,USD,11,,,Test,Test,Test,Test,Test,Test,Test
,,,Personal,Direct to Check,,,Test,Test,Haritestuser11@mailinator.com,,99590,Test,,11,,,Test,Test,Test,Test,Test,Test,Test
,,,Personal,Direct to Check,,,Test,Test,Haritestuser11@mailinator.com,,99590,Test,USD,,,,Test,Test,Test,Test,Test,Test,Test
,,,Personal,Direct to Check,,,Test,Test,Haritestuser11@mailinator.com,,99590,,USD,11,,,,Test,Test,Test,Test,Test,Test
,,,Personal,Direct to Check,,,Test,Test,Haritestuser11@mailinator.com,,99590,,USD,11,,,Test,,Test,Test,Test,Test,Test
,,,Personal,Direct to Check,,,Test,Test,Haritestuser11@mailinator.com,,99590,,USD,11,,,Test,Test,,Test,Test,Test,Test
,,,Personal,Direct to Check,,,Test,Test,Haritestuser11@mailinator.com,,99590,,USD,11,,,Test,Test,Test,,Test,Test,Test
,,,Personal,Direct to Check,,,Test,Test,Haritestuser11@mailinator.com,,99590,,USD,11,,,Test,Test,Test,Test,,Test,Test
,,,Personal,Direct to Check,,,Test,Test,Haritestuser11@mailinator.com,,99590,,USD,11,,,Test,Test,Test,Test,Test,,Test
,,,Personal,Direct to Check,,,Test,Test,Haritestuser11@mailinator.com,,99590,,USD,11,,,Test,Test,Test,Test,Test,Test,
